Регион,Население,Медианная зп (руб),92,95,дт,ДТП на 100000 чел,ДТП с погибшими (на 100000 чел),ДТП с ранеными на 100000 чел,Уровень безработицы. %,Преступность(кол-во на 10000 чел),Продолжительность жизни,Прожиточный минимум,Качество жизни,Индекс привлекательности рабочей силы,Социальная ориентированность бюджетов
Алтайский край,2380793,16484.3,32.04,34.84,36.19,146.70,13.10,186.90,8.00,203.71,70.44,8798.00,39.00,44.69,41.952
Амурская область,807781,22087.9,37.33,39.44,38.71,173.10,18.80,220.00,5.80,240.47,67.27,10740.00,38.51,32.01,39.507
Архангельская область,1178701,24266.7,34.21,37.59,36.91,147.50,12.00,189.00,6.80,195.72,70.7,12963.00,32.95,37.22,42.384
Астраханская область,1019956,18337.5,34.3,37.25,34.15,152.10,13.40,199.40,7.50,144.66,71.36,8452.00,43.31,52.64,35.91
Белгородская область,1549037,21710.1,33.75,36.71,35.15,80.20,13.40,96.00,4.10,102.02,72.61,8134.00,35.46,50.72,54.358
Брянская область,1229340,18514.8,32.69,35.65,33.4,114.00,19.80,140.40,4.60,140.50,70.36,8843.00,62.37,44.77,35.612
Владимирская область,1401390,18417.1,34.41,37.03,35.25,196.10,27.80,257.10,5.60,151.88,69.82,9344.00,40.94,44.66,44.298
Волгоградская область,2551667,17864,34.26,37.26,35.02,98.60,13.50,118.70,7.20,163.04,71.98,8889.00,44.80,57.74,46.801
Вологодская область,1189347,20101.5,35.55,37.97,36.33,139.60,11.60,183.00,6.80,245.42,70.4,10010.00,45.97,40.24,45.789
Воронежская область,2332312,22056.5,33.89,36.49,34.63,139.30,23.30,173.80,4.50,168.58,71.67,8174.00,37.71,52.6,53.934
Еврейская автономная область,167243,19269.8,37.74,39.76,38.64,148.30,25.10,191.30,7.90,215.24,65.04,12476.00,57.04,22.27,13.755
Забайкальский край,1085231,17521,38.96,40.78,39.01,132.40,19.60,169.00,10.40,306.89,67.34,10230.00,26.18,38.44,29.393
Ивановская область,1033374,18057.7,32.75,34.97,33.87,165.10,12.30,210.70,5.60,146.04,70.62,9462.00,25.08,38.82,29.725
Иркутская область,2413856,17279.3,35.97,38.59,37.86,138.60,19.80,167.80,8.20,221.76,67.37,9935.00,44.74,47.88,50.719
Кабардино-Балкарская Республика,861482,15101.1,35.31,38.65,33.59,83.10,19.50,96.10,10.10,100.46,74.61,8784.00,35.28,52.73,22.062
Калининградская область,972691,20304.6,35.37,37.67,35.71,124.90,17.30,136.60,5.70,170.31,70.58,9664.00,52.65,50.28,39.856
Калужская область,1010129,21636,32.33,34.74,33.33,203.70,26.50,268.80,4.30,180.29,70.73,9223.00,51.00,38.52,44.141
Камчатский край,316692,34129.2,43.98,45.68,45.59,175.50,17.70,213.70,4.50,180.48,68.56,18020.00,45.96,29.9,36.521
Карачаево-Черкесская Республика,468428,14256.1,34.95,38.1,33.71,109.70,27.50,155.20,15.10,86.39,74.44,8667.00,21.99,41.47,22.106
Кемеровская область,2721309,17402.7,31.85,34.85,35.77,118.80,16.00,158.90,7.70,230.04,68.31,8814.00,40.99,55.23,46.143
Кировская область,1300911,17632.7,34.1,36.37,35.84,129.90,14.80,168.80,5.30,198.05,71.11,9210.00,39.75,44.7,40.844
Костромская область,652920,17910.6,32.22,34.69,33.91,116.70,13.20,142.00,5.30,142.33,70.38,9083.00,40.55,40.85,26.409
Краснодарский край,5483566,23312.5,34.72,37.92,33.3,114.60,20.60,136.50,6.00,137.62,72.53,9349.00,63.06,60.64,56.118
Красноярский край,2862631,20646.5,33.95,37.38,37.83,156.40,19.80,197.70,6.20,217.86,69.69,10799.00,44.60,52.23,57.42
Курганская область,865855,16269.2,31.51,33.86,35.44,131.70,22.90,160.20,7.50,256.02,69.03,9032.00,29.17,35.58,28.021
Курская область,1118698,19914.7,33.13,36.51,33.64,166.10,21.80,217.40,4.20,127.30,70.8,8312.00,52.15,41.01,47.375
Ленинградская область,1777198,20167.9,33.67,36.7,34.85,193.00,34.40,253.20,5.10,114.46,71.23,8453.00,53.78,41.28,59.201
Липецкая область,1156979,21080.7,33.87,36.48,34.35,150.00,18.30,187.20,4.10,124.42,71.07,8261.00,56.54,42.32,53.837
Магаданская область,147208,39116.7,48.47,50.08,47.08,173.30,20.40,231.70,4.30,223.47,68.11,17311.00,43.63,15.57,31.658
Москва,12263861,43721.6,34.51,37.26,35.33,84.80,5.50,97.10,1.80,160.06,76.77,14749.00,76.23,53.14,82.114
Московская область,7274857,29541.3,33.72,36.85,34.74,108.40,19.10,130.10,3.30,123.33,72.26,10795.00,67.58,34.55,68.182
Мурманская область,764226,29398.4,35.41,38.23,38.48,99.20,7.30,125.30,7.80,242.16,70.24,13722.00,41.41,23.2,47.095
Ненецкий автономный округ,43606,52723.6,38.64,42.66,42.79,89.00,11.50,98.60,7.90,193.67,71,18577.00,34.98,57.57,41.759
Нижегородская область,3265235,22847.6,33.93,36.84,35.18,163.60,16.00,208.80,4.30,125.92,70.17,8822.00,54.96,27.32,56.589
Новгородская область,617197,20154,33.67,36.85,34.8,225.70,27.40,284.70,4.60,211.22,68.7,9499.00,40.10,49.35,38.935
Новосибирская область,2754529,20059.7,32.37,35.28,36.55,107.10,13.10,125.40,6.90,193.94,70.86,10425.00,49.47,48.51,47.443
Омская область,1978324,19081.6,31.89,36.1,36.03,169.00,13.10,211.50,6.80,155.43,70.41,8544.00,44.86,52.7,48.324
Оренбургская область,1997936,17911.1,33.11,37.18,36.26,118.20,17.70,150.10,4.80,153.72,69.63,8348.00,45.53,41.3,52.902
Орловская область,762475,17725.4,32.99,35.63,33.16,154.80,19.30,203.60,6.20,153.68,70.38,8764.00,44.22,55.17,33.556
Пензенская область,1352161,16877.9,33.27,36.17,34.17,155.10,17.20,205.80,4.70,101.93,72.12,8096.00,49.45,41.23,39.255
Пермский край,2635720,23223.2,34.06,36.79,35.63,157.90,16.00,202.50,6.30,220.82,69.09,9510.00,44.79,49.23,57.946
Приморский край,1931158,24550.7,37.62,39.13,38.34,171.90,15.60,214.00,6.90,245.22,69.21,12490.00,40.09,34.71,48.595
Псковская область,648741,17738.6,33.18,36.42,35.33,219.30,27.90,284.00,6.90,168.08,68.48,10266.00,38.79,39.33,26.518
Республика Адыгея,450325,17973.6,35.22,38.51,33.28,114.60,29.10,133.70,8.80,110.38,72.22,8375.00,45.67,34.44,25.017
Республика Алтай,214431,14571.7,32.09,35.62,34.92,172.00,27.00,227.10,9.70,248.85,68.44,9435.00,25.36,49.98,16.756
Республика Башкортостан,4071525,20400.3,32.81,36.29,35.72,112.10,14.80,140.80,6.10,174.21,70.08,8623.00,50.62,43.2,59.352
Республика Бурятия,980389,18191.6,35.92,38.03,38.43,139.10,16.60,170.90,9.20,284.08,69.15,9506.00,30.68,52.87,35.095
Республика Дагестан,3003015,20800.9,34.39,36.56,31.7,72.80,16.50,71.60,10.80,50.60,76.39,8708.00,35.15,42.61,35.115
Республика Ингушетия,468334,12277.1,34.02,36.14,30.3,87.80,15.20,63.20,30.50,37.25,80.05,8704.00,18.74,42.37,14.685
Республика Калмыкия,279649,12241.7,34.46,37.1,34.44,198.80,33.20,290.30,10.70,113.09,72.15,8546.00,23.54,35.36,17.743
Республика Карелия,631204,21397,33.67,36.67,36.35,126.80,14.70,154.60,8.80,248.18,69.16,11671.00,34.75,30.27,28.476
Республика Коми,860627,23914.9,35.31,37.53,38.08,129.30,14.50,177.00,7.00,276.79,69.4,11443.00,39.15,35.36,50.347
Республика Марий Эл,686650,14694.2,32.82,35.92,34.77,150.70,14.70,202.60,5.30,121.61,69.8,8717.00,39.60,37.6,30.949
Республика Мордовия,808171,14200,33.9,36.9,35.46,115.90,18.90,143.40,4.20,113.61,72.06,8149.00,41.53,40.48,30.984
Республика Саха (Якутия),958291,28388.2,45.95,47.1,47.05,104.10,12.40,131.30,7.30,123.80,70.29,15140.00,33.51,39.22,53.103
Республика Северная Осетия — Алания,704507,17492.3,33.46,36.27,32.6,100.80,16.90,144.50,9.30,95.40,74.2,8597.00,39.26,50.35,20.641
Республика Татарстан,3861883,24003.3,32.58,35.83,34.11,128.70,12.70,158.30,4.00,135.10,72.81,7695.00,63.06,26.06,66.923
Республика Тыва,314706,12330.4,35.5,38.05,38.41,165.30,38.10,229.50,18.60,268.95,63.13,9804.00,12.63,27.63,12.295
Республика Хакасия,536289,15681.5,33.07,36.08,37.47,167.60,21.60,215.70,5.80,257.08,68.68,9076.00,36.02,60.99,27.753
Ростовская область,4239040,20025.7,34.16,37.04,34.07,123.60,15.90,155.20,6.10,146.79,71.9,9386.00,52.13,39.49,51.962
Рязанская область,1132771,18814,32.69,35.49,34.28,184.90,25.80,249.20,4.70,91.28,71.46,8753.00,47.68,61.34,44.001
Самарская область,3209325,20773.7,32.26,35.89,34.33,121.00,13.40,159.90,3.40,153.65,70.35,8786.00,54.13,54.26,57.933
Санкт-Петербург,5208690,28135.3,34.34,37.72,35.28,139.10,6.80,163.50,2.10,108.79,74.42,9995.00,75.63,26.2,74.564
Саратовская область,2490277,15917.2,33.46,36.37,34.66,136.60,14.50,173.40,4.70,119.36,71.4,8266.00,46.17,57.22,43.376
Сахалинская область,487842,35964.7,41.93,44.89,43.74,165.60,22.10,206.00,6.30,230.76,67.99,13672.00,41.04,44.37,62.917
Свердловская область,4328739,25552.4,33.48,35.9,36.37,81.00,12.10,103.70,6.50,167.00,69.83,9602.00,55.72,59.42,59.486
Смоленская область,961710,18997.2,33.64,36.39,35.08,128.20,19.00,156.60,6.20,142.63,69.74,10258.00,45.66,35.55,33.757
Ставропольский край,2800535,16856.6,35.03,38.29,33.58,110.60,17.10,142.30,5.60,129.52,73.36,8231.00,52.06,47.3,43.072
Тамбовская область,1056358,19473,33.51,36.16,34.48,162.30,19.10,222.40,4.60,124.55,71.67,8168.00,47.53,48.02,43.765
Тверская область,1309907,19554.5,33.76,36.53,35.66,139.70,20.80,171.70,5.60,174.33,69.1,9741.00,63.06,49.61,39.309
Томская область,1075608,21356.2,32.18,35.66,36.72,79.10,10.00,96.70,7.70,215.03,71.25,10578.00,39.40,46.03,48.132
Тульская область,1510008,20448.7,33.32,35.8,34.08,175.40,24.20,230.70,4.10,87.21,70.06,8949.00,44.01,45.56,52.025
Тюменская область,3598389,21075.6,34.11,36.06,37.29,181.70,15.80,246.90,6.20,216.75,70.58,9815.00,48.88,37.44,61.367
Удмуртская Республика,1517318,19232.7,33.88,36.52,35.49,90.90,13.80,102.00,5.00,194.72,70.46,8726.00,55.23 ,47.98,44.867
Ульяновская область,1260085,18023,33.25,36.41,33.85,132.50,15.60,167.50,4.90,130.37,70.46,8855.00,45.18,42.46,38.963
Хабаровский край,1336427,28025.1,36.99,39.36,38,139.00,14.70,175.10,5.30,231.23,68.72,13417.00,47.48,58.78,46.956
Ханты-Мансийский автономный округ — Югра,1619414,34787.4,34.85,36.82,38.45,125.50,15.10,169.80,4.40,147.54,72.58,14316.00,44.85,34.58,72.871
Челябинская область,3498995,19637.7,32.27,34.89,35.35,130.90,15.40,157.10,7.00,201.88,69.9,9397.00,58.84,50.45,54.436
Чеченская Республика,1382220,17159.9,33.63,35.97,29.36,28.80,12.00,45.90,17.10,25.00,73.45,8162.00,52.69,13.21,27.963
Чувашская Республика,1237350,14843.1,33.18,36.58,34.21,130.40,16.80,174.70,5.00,126.71,71.35,8301.00,33.11,22.05,39.741
Чукотский автономный округ,50349,47185.7,50,54,50,57.60,9.90,53.60,4.00,161.06,64.16,16537.00,44.8,46.54,29.92
Ямало-Ненецкий автономный округ,537045,49469.7,36.32,37.85,39.53,114.70,10.80,146.50,3.60,177.93,71.7,15851.00,25.83,50.54,64.581
Ярославская область,1271771,20761.2,31.54,34.25,33.31,148.40,18.30,179.90,5.30,171.11,70.98,8680.00,49.16,51.13,46.376
Севастополь,407618,15345.7,37.69,39.52,36.66,161.6,12.00,208.6,8.3,203.03,70.67,8771,34.19,48.8,39.25
Республика Крым,1901511,13427.1,37.91,40.72,37.47,92.8,18.00,122.5,7.20,146.42,70.52,8926,30.4,48.00,26.13
Алтайский край,2371227,16769.4,31.89,34.69,35.87,135.20,10.80,171.30,8.60,187.55,70.74,8881.00,37.86,41.952,40.067
Амурская область,803720,22160.7,37.22,39.3,38.68,155.40,12.40,206.90,5.90,231.55,68.28,11541.00,37.12,39.507,40.11
Архангельская область,1169914,24112.7,34.16,37.59,36.91,140.30,13.10,182.00,7.10,176.90,70.8,12217.00,33.99,42.384,43.603
Астраханская область,1018746,17798.3,34.23,37.14,34.78,128.10,11.80,164.40,7.60,136.39,72.2,8845.00,43.24,35.91,37.714
Белгородская область,1551500,22760.1,33.52,36.64,35.21,88.20,13.70,104.70,4.00,88.48,72.87,8153.00,61.82,54.358,55.629
Брянская область,1223135,18937.3,31.96,35.02,33.6,108.00,14.10,132.70,4.60,129.07,70.92,9099.00,42.69,35.612,38.728
Владимирская область,1393383,18208.3,34.27,36.84,35.36,177.70,22.60,234.70,5.60,136.98,70.28,9269.00,45.84,44.298,43.17
Волгоградская область,2540570,17555.1,34.2,37.16,35.25,105.70,13.60,133.60,6.80,152.17,72.49,8991.00,44.8,46.801,46.847
Вологодская область,1185773,21263.8,35.61,37.97,36.44,134.20,10.30,180.80,6.60,216.59,70.24,10249.00,38.34,45.789,48.725
Воронежская область,2334443,22091.4,33.9,36.42,34.87,132.30,20.90,168.00,4.50,147.29,72.08,8219.00,58.87,53.934,55.027
Еврейская автономная область,165169,19016.5,37.97,39.76,38.77,150.80,14.50,185.30,8.20,206.12,65.88,12626.00,76.54,13.755,13.78
Забайкальский край,1080998,17608.1,38.19,39.95,38.59,129.00,19.10,172.70,10.80,273.85,68.33,10492.00,76.49,29.393,30.298
Ивановская область,1026504,18999.3,32.62,34.8,33.38,150.30,10.30,204.00,5.60,139.88,70.77,9525.00,25.81,29.725,28.777
Иркутская область,2410850,17829.5,35.64,38.4,37.7,144.40,15.10,178.80,8.80,194.83,68.2,10038.00,25.95,50.719,48.467
Кабардино-Балкарская Республика,863354,16074.8,34.94,38.49,33.59,76.90,16.10,96.50,10.30,88.96,75.12,10586.00,43.57,22.062,18.529
Калининградская область,981350,20569.4,35.3,37.61,35.87,140.20,17.20,156.80,6.00,135.43,71.92,10067.00,35.2,39.856,43.004
Калужская область,1012171,22675.6,32.2,34.55,33.15,180.60,20.40,239.20,4.20,160.36,71.18,9449.00,31.1,44.141,49.578
Камчатский край,315422,35315.7,44.01,45.69,45.59,174.70,21.90,231.10,4.10,185.31,68.66,19194.00,55.09,36.521,38.974
Карачаево-Черкесская Республика,467115,14148.4,34.95,38.07,33.65,114.10,18.60,158.80,14.40,75.22,74.72,8806.00,51.84,22.106,22.873
Кемеровская область,2713235,17233,31.7,34.75,35.12,112.60,12.60,151.40,7.90,214.94,68.72,8940.00,45.91,46.143,49.2
Кировская область,1294579,17448.8,33.94,36.35,35.85,125.00,13.30,156.50,5.40,167.63,71.71,9276.00,26.12,40.844,39.752
Костромская область,649804,18804,32.19,34.66,33.86,111.60,7.70,141.60,5.50,134.75,70.87,9260.00,40.66,26.409,24.148
Краснодарский край,5542374,24427.3,34.65,37.88,33.23,115.20,19.30,136.20,5.80,129.69,72.83,9732.00,39.11,56.118,58.33
Красноярский край,2870895,21292,33.6,37.23,37.37,143.80,15.20,185.40,6.10,199.71,70.01,10992.00,41.74,57.42,55.338
Курганская область,858001,16241.4,31.31,33.72,35.53,125.20,18.30,154.90,8.40,224.54,69.43,9258.00,61.97,28.021,26.368
Курская область,1121456,19934.1,33.11,36.49,33.72,144.10,16.10,192.20,4.30,108.84,70.94,8352.00,44.06,47.375,47.41
Ленинградская область,1785386,22387,33.74,36.89,34.99,166.10,27.60,212.80,4.60,98.57,71.7,9063.00,28.08,59.201,58.494
Липецкая область,1156157,21684.4,33.83,36.44,34.89,139.30,18.90,176.00,4.00,106.99,71.62,8414.00,53.51,53.837,53.833
Магаданская область,145958,40001.8,49.66,49.29,49.14,181.60,21.20,240.50,4.40,204.04,69,18043.00,53.77,31.658,33.286
Москва,12355395,45229.2,34.3,37.06,35.25,73.20,4.50,83.60,1.80,141.04,77.08,15206.00,57.41,68.182,78.49
Московская область,7371058,31517.3,33.51,36.67,34.67,92.60,16.00,111.50,3.30,120.65,72.5,11140.00,44.93,47.095,65.856
Мурманская область,759896,29895.9,35.23,38.08,38.49,111.40,8.00,145.50,7.70,197.61,70.94,13660.00,68.55,41.759,46.103
Ненецкий автономный округ,43888,52607.2,38.64,42.66,42.79,82.10,9.10,84.30,8.50,174.05,71.08,19458.00,43.47,56.589,40.43
Нижегородская область,3253990,22842.8,33.95,36.89,35.16,163.50,14.50,208.60,4.30,123.42,70.75,8755.00,35.74,38.935,53.912
Новгородская область,614106,20065.3,33.72,36.55,34.9,194.50,23.80,246.90,4.90,194.68,69.15,9859.00,53.77,47.443,34.946
Новосибирская область,2770896,20892.5,32.28,35.18,36.33,98.50,11.70,118.40,7.40,163.64,71.2,10404.00,41.42,48.324,48.668
Омская область,1975574,18782.9,31.89,36.09,35.53,156.60,10.60,203.00,7.20,148.36,70.78,8635.00,47.77,52.902,44.755
Оренбургская область,1992174,17394.6,33.07,37.1,36,116.40,15.40,153.70,4.90,136.51,70.57,8356.00,42.11,33.556,46.902
Орловская область,757268,18305.4,32.56,35.4,33.15,133.60,16.90,173.90,6.40,122.58,70.73,8860.00,44.06,39.255,28.744
Пензенская область,1345115,16672.4,33.26,36.18,34.18,142.70,17.80,198.50,4.60,91.34,72.53,8428.00,45.82,57.946,38.663
Пермский край,2633253,20840.5,34.04,36.79,36.03,147.30,12.90,188.60,5.80,190.08,69.74,9591.00,48.41,48.595,55.338
Приморский край,1926062,24726.9,37.55,39.06,38.43,156.60,12.70,198.60,6.00,203.08,69.66,12616.00,44.46,26.518,48.753
Псковская область,644269,18156.9,32.91,36.77,35.46,175.50,21.70,235.90,6.70,146.94,69.25,10517.00,42.26,25.017,25.788
Республика Адыгея,452422,19270.6,35.18,38.47,33.2,111.80,26.30,131.50,9.00,102.75,72.59,8623.00,38.73,16.756,24.866
Республика Алтай,216084,14557.8,31.67,35.41,34.85,126.80,16.20,162.00,12.00,224.58,70.13,9539.00,49.52,59.352,18.17
Республика Башкортостан,4069018,20724.8,32.8,37.32,35.83,111.80,12.70,143.90,5.80,160.51,71,8569.00,25.23,35.095,57.651
Республика Бурятия,983209,18096.7,35.29,37.37,37.89,129.40,13.80,165.60,9.60,239.02,69.61,9566.00,48.82,35.115,28.176
Республика Дагестан,3028780,20034.7,34.43,36.56,31.74,50.60,13.90,76.10,10.90,52.43,77.23,9066.00,30.88,14.685,41.134
Республика Ингушетия,476624,12752.2,33.85,35.86,31.52,40.90,16.40,63.80,30.20,37.86,80.82,8961.00,33.29,17.743,15.535
Республика Калмыкия,278268,12657.9,34.3,37.05,34.69,181.10,33.10,257.70,10.60,105.87,73.35,8422.00,20.61,28.476,18.852
Республика Карелия,628478,21797.7,33.48,36.74,36.37,109.90,14.30,139.70,9.20,213.76,69.78,12099.00,24.93,50.347,27.124
Республика Коми,853692,24572.6,35.31,37.53,38.08,128.70,11.80,176.10,8.70,222.27,69.45,12113.00,34.47,39.259,48.813
Республика Марий Эл,685275,14949.6,32.65,35.83,34.74,120.70,14.70,165.50,6.00,105.18,70.75,8852.00,39.13,30.949,31.087
Республика Мордовия,807997,14294.8,33.74,36.72,35.14,140.40,16.00,193.60,4.20,105.28,72.25,7884.00,37.00,30.984,29.654
Республика Саха (Якутия),961262,29800.7,45.97,47.12,47.06,102.80,10.40,133.30,7.20,128.95,70.84,16055.00,43.91,53.103,51.966
Республика Северная Осетия — Алания,703504,17849.1,33.14,35.74,32.56,107.20,17.90,153.80,9.90,99.98,75.05,8809.00,33.99,20.641,19.638
Республика Татарстан,3876991,24397.3,32.28,35.45,34.18,130.80,11.60,161.60,3.80,124.46,73.64,8077.00,40.25,66.923,67.531
Республика Тыва,317093,12213.7,33.62,36.67,37.83,167.10,37.20,237.20,16.60,345.78,64.21,10017.00,63.12,12.295,14.675
Республика Хакасия,537225,16008.4,31.65,34.65,35.51,139.20,16.90,173.50,6.30,205.89,69.33,9158.00,12.53,27.753,27.61
Ростовская область,4233678,20606.1,34.1,37.03,34.07,117.60,16.80,144.30,5.80,136.19,72.2,9565.00,39.28,51.962,52.554
Рязанская область,1128421,18944.2,32.58,35.38,34.28,160.60,22.70,223.10,4.40,84.28,71.87,8797.00,51.61,44.001,47.046
Самарская область,3204827,21072.1,31.98,35.47,34.27,120.20,13.40,158.10,4.10,137.56,71.08,9703.00,49.94,57.933,57.388
Санкт-Петербург,5253634,29863.5,34.34,37.72,35.34,116.20,4.60,137.20,1.60,100.18,74.9,10408.00,52.97,43.376,71.197
Саратовская область,2483394,15822.4,33.45,36.36,34.9,128.30,14.50,165.00,5.10,100.61,72.07,8300.00,46.09,62.917,45.857
Сахалинская область,487317,37014.4,41.68,45.13,43.74,162.10,18.90,209.10,6.30,251.35,68.66,13887.00,41.96,59.486,54.777
Свердловская область,4329674,26062.7,33.44,35.87,36.29,68.90,10.90,90.70,6.20,146.54,70.02,9972.00,54.47,33.757,58.911
Смоленская область,955915,19006.4,33.38,36.3,34.94,113.90,15.70,142.50,6.10,142.67,69.98,10346.00,45.21,43.072,34.137
Ставропольский край,2802990,16685.2,34.82,38.11,33.54,114.40,16.70,152.20,5.70,122.56,73.4,8266.00,49.85,43.765,43.641
Тамбовская область,1045311,20112.7,33.18,35.75,34.41,144.60,17.60,188.00,4.50,115.95,72.11,8353.00,45.91,39.309,39.213
Тверская область,1300771,19829.3,33.61,36.51,35.69,148.40,20.60,190.80,5.80,160.89,69.24,9768.00,38.83,48.132,41.046
Томская область,1077826,21106.7,31.94,35.16,36.33,81.00,9.80,99.40,7.20,189.75,71.66,10706.00,43.51,52.025,42.889
Тульская область,1502930,21464.1,33.22,35.77,34.17,156.20,21.30,204.70,4.10,79.71,70.56,9128.00,49.11,61.367,47.09
Тюменская область,3637758,20902.4,34.09,35.84,37.26,171.10,18.00,234.10,5.60,188.82,71.03,10101.00,55.13,44.867,59.678
Удмуртская Республика,1516995,18725.1,33.92,36.59,35.61,131.30,12.50,162.40,5.20,172.82,70.86,8530.00,44.42,38.963,46.719
Ульяновская область,1255254,18047.9,33.02,36.18,34.53,116.90,12.60,156.50,4.60,121.83,70.97,8929.00,45.99,46.956,40.476
Хабаровский край,1333923,28621.8,36.81,39.25,37.99,143.10,11.20,174.90,5.00,202.38,69.13,13018.00,45.66,72.871,45.89
Ханты-Мансийский автономный округ — Югра,1636416,35698,34.6,36.65,38.51,123.20,12.50,168.70,4.50,138.91,73.5,14757.00,57.82,54.436,67.676
Челябинская область,3501519,19038.2,32,34.8,35.53,117.70,11.10,146.10,7.10,184.47,70.5,9286.00,50.68,27.963,51.459
Чеченская Республика,1404518,17484.3,33.08,35.86,29.77,26.90,9.00,41.70,15.80,26.70,74.2,8769.00,33.08,39.741,31.424
Чувашская Республика,1236246,14535.4,33.07,36.45,34.24,116.00,13.80,149.10,5.30,111.88,71.52,8383.00,45.22,29.92,38.027
Чукотский автономный округ,49990,50823.1,50,54,50,50.00,4.00,48.00,3.50,159.50,64.42,18072.00,28.94,64.581,27.353
Ямало-Ненецкий автономный округ,535077,52222.8,36.02,37.42,39.85,105.80,10.50,136.20,2.60,149.78,72.13,15910.00,49.03,46.376,66.62
Ярославская область,1271324,21012.5,31.62,34.22,33.42,147.80,17.30,193.70,6.70,144.67,71.21,8956.00,48.4,82.114,42.174
Севастополь,422507,21211.6,37.6,39.54,36.67,157.9,18.00,199.0,6.20,134.98,71.64,9757.00,41.74,48.8,29.97
Республика Крым,1909637,14937.2,37.89,40.71,37.36,108.2,19.8,144.4,6.80,124.35,70.74,9678.00,57.68,47.6,43.97
Алтайский край,2357880,17415.1,36.59,38.54,39.97,131.80,12.60,167.50,6.90,169.32,71.1,9115.00,46.34,44.69,40.067
Амурская область,800088,22618.6,39.74,41.69,43.53,151.90,18.10,197.30,5.90,230.81,69.06,11330.00,39.96,32.01,40.11
Архангельская область,1160389,24394.8,37.47,40.78,40.8,136.30,11.20,171.50,6.40,171.09,71.96,11700.00,34.61,37.22,43.603
Астраханская область,1018190,18355.4,38.47,41.73,38.74,121.60,8.20,159.30,7.50,131.83,73.35,9363.00,42.77,52.64,37.714
Белгородская область,1551370,23311,38.14,41.13,39.53,90.00,10.50,112.70,3.90,82.07,73.67,8310.00,64.00,50.72,55.629
Брянская область,1215756,19860.3,37.33,40.31,38.49,104.80,12.70,128.70,4.40,118.37,71.27,9536.00,43.64,44.77,38.728
Владимирская область,1383968,19241.1,37.77,40.47,40.42,173.70,21.20,231.70,4.80,131.38,71.15,9467.00,47.34,44.66,43.17
Волгоградская область,2528239,18106.9,38.5,41.75,39.14,102.10,12.10,129.30,6.00,157.31,73.54,9096.00,45.97,57.74,46.847
Вологодская область,1180274,21143.9,38.59,40.54,41.23,127.00,11.10,161.10,5.30,173.09,71.26,10581.00,40.22,40.24,48.725
Воронежская область,2334588,22460.7,38.67,41.66,38.79,133.20,20.30,167.70,4.30,139.47,73.03,8364.00,61.21,52.6,55.027
Еврейская автономная область,163115,19392.6,39.48,41.94,43.45,133.60,19.60,184.50,8.30,219.95,68.83,12497.00,27.17,22.27,13.78
Забайкальский край,1075894,18078,41.41,43.12,45.16,129.50,20.50,173.50,10.70,250.16,69.64,10735.00,25.91,38.44,30.298
Ивановская область,1018908,19938.6,37.19,39.3,39.37,142.70,11.10,180.60,4.70,155.82,71.47,9816.00,44.30,38.82,28.777
Иркутская область,2406548,18679.8,39.05,41.34,41.49,140.60,15.00,177.70,8.70,191.07,69.19,10043.00,36.17,47.88,48.467
Кабардино-Балкарская Республика,865140,16662.5,39.02,41.92,38.27,78.90,15.80,91.80,10.50,77.84,75.81,10757.00,33.69,52.73,18.529
Калининградская область,990429,21391.6,39.89,42.1,40.91,132.50,12.30,151.60,5.20,174.71,72.62,10510.00,57.00,50.28,43.004
Калужская область,1013363,22954.6,35.81,38.82,36.93,155.80,17.10,203.40,4.00,173.85,71.87,9739.00,52.83,38.52,49.578
Камчатский край,315142,36544.2,46.34,47.93,50.31,172.60,21.60,234.60,4.30,194.93,70.06,19438.00,46.41,29.9,38.974
Карачаево-Черкесская Республика,466368,14522.6,39.11,42.04,38.47,130.40,14.80,196.50,13.50,86.89,75.94,9022.00,25.03,41.47,22.873
Кемеровская область,2701860,17998.8,36.78,39.36,39.71,109.30,11.20,144.80,7.10,210.64,69.35,9222.00,41.83,55.23,49.2
Кировская область,1287461,17949,38.25,40.75,41.87,124.10,13.60,154.00,5.30,163.69,72.72,9508.00,40.14,44.7,39.752
Костромская область,645740,19587.3,37.47,39.5,40.01,121.30,9.90,156.60,5.30,136.59,71.81,9590.00,41.32,40.85,24.148
Краснодарский край,5587182,25248.2,39.27,42.53,38.63,114.80,18.90,138.50,5.70,121.46,73.42,10062.00,62.89,60.64,58.33
Красноярский край,2875898,22211.4,37.77,40.68,42.41,131.40,13.90,165.10,5.70,177.67,70.61,11349.00,46.15,52.23,55.338
Курганская область,849823,16662.6,36.61,39.18,39.79,130.50,18.00,167.90,9.10,209.27,70.8,9530.00,28.78,35.58,26.368
Курская область,1119065,20700.7,37.75,40.69,38.98,143.00,18.00,184.90,4.10,105.66,71.74,8751.00,54.40,41.01,47.41
Ленинградская область,1802866,23556.5,37.4,40.4,39.94,153.90,23.80,203.10,4.60,102.73,72.54,9477.00,56.61,41.28,58.494
Липецкая область,1153211,22482.7,38.2,40.62,38.76,142.40,20.80,177.30,3.90,109.75,72.46,8586.00,59.50,42.32,53.833
Магаданская область,144830,42647.1,51.07,50.56,53.06,186.20,24.80,240.70,5.30,190.36,69.37,17957.00,45.26,15.57,33.286
Москва,12443566,48505.5,38.37,41.75,39.9,71.60,4.00,81.70,1.40,113.19,77.87,15865.00,76.92,53.14,78.49
Московская область,7463427,32528,37.51,41.59,39.06,89.80,14.30,107.70,3.20,113.57,73.34,11667.00,70.55,34.55,65.856
Мурманская область,755588,31586.7,39.48,42.75,43.68,106.80,7.90,143.60,7.00,168.59,71.67,14230.00,45.52,23.2,46.103
Ненецкий автономный округ,43967,54319.4,41.06,44.12,45.79,90.90,6.80,109.10,8.00,177.30,71.52,20791.00,37.74,57.57,40.43
Нижегородская область,3241232,23208.6,37.4,40.43,39.28,164.10,12.60,207.40,4.20,129.71,71.88,9104.00,55.50,27.32,53.912
Новгородская область,609499,20740.4,37.63,41.06,40.06,189.20,23.30,242.00,4.70,181.27,69.68,10155.00,41.77,49.35,34.946
Новосибирская область,2784202,21864,36.84,39.78,41.56,97.70,9.80,120.40,6.00,159.55,71.57,10743.00,49.11,48.51,48.668
Омская область,1966382,19121.8,36.93,40.54,40.72,150.60,11.20,189.20,7.00,144.31,71.49,8877.00,42.53,52.7,44.755
Оренбургская область,1983654,17969.2,37.07,40.27,40.45,116.60,14.90,147.60,4.60,136.77,70.94,8554.00,45.86,41.3,46.902
Орловская область,751031,19148.2,37.36,40.27,37.8,119.10,14.90,144.20,6.50,117.22,71.63,9249.00,45.49,55.17,28.744
Пензенская область,1336591,17356.5,36.84,39.9,38.55,145.40,16.60,198.40,4.50,88.10,73.34,8690.00,49.10,41.23,38.663
Пермский край,2627609,21506.1,37.92,40.67,42.31,131.60,12.90,169.30,6.10,167.15,70.79,9978.00,45.26,49.23,55.338
Приморский край,1918076,25438.8,39.82,41.38,43.85,145.30,13.80,180.20,5.40,190.41,70.36,12408.00,44.19,34.71,48.753
Псковская область,639355,19016.7,37.68,41.47,40.7,169.70,19.70,226.70,6.50,128.94,69.95,10545.00,39.74,39.33,25.788
Республика Адыгея,453371,20279.8,39.69,42.91,38.69,124.40,20.70,145.40,8.80,88.54,73.25,8909.00,48.35,34.44,24.866
Республика Алтай,217535,14973.5,36.22,40.09,38.17,126.00,16.50,161.40,12.00,213.40,71.15,9684.00,25.16,49.98,18.17
Республика Башкортостан,4065132,21117.2,37.02,40.14,40.38,107.90,12.60,137.50,5.60,149.98,71.73,8614.00,50.53,43.2,57.651
Республика Бурятия,984322,18405.7,37.63,39.72,40.8,130.10,13.80,166.80,9.60,239.91,70.69,9777.00,31.54,52.87,28.176
Республика Дагестан,3052892,20318.4,38.81,40.79,36.87,60.40,14.20,92.60,12.00,48.02,77.79,9405.00,35.15,42.61,41.134
Республика Ингушетия,484259,12790.2,36.9,38.9,32.04,49.20,17.30,81.40,27.00,33.43,81.59,9020.00,19.53,42.37,15.535
Республика Калмыкия,276607,13384.5,38.5,41.44,38.68,174.60,25.30,266.10,10.00,109.00,73.54,8669.00,27.21,35.36,18.852
Республика Карелия,624783,22771.1,37.09,40.25,40.87,100.80,16.30,125.20,8.60,180.09,70.65,12528.00,35.95,30.27,27.124
Республика Коми,845712,25198.8,38.73,40.38,42.35,126.30,10.50,177.60,7.80,202.61,71.05,12405.00,38.90,35.36,48.813
Республика Марий Эл,683508,15414.5,37.24,39.94,39.44,113.80,14.30,156.40,6.10,107.38,72.24,9114.00,41.95,37.6,31.087
Республика Мордовия,806799,14745.1,36.77,39.85,39.86,132.70,14.50,177.30,4.20,98.47,73.4,8157.00,39.58,40.48,29.654
Республика Саха (Якутия),963582,30989,48.83,49.64,50.19,104.20,11.60,136.20,7.10,128.78,71.68,16554.00,44.77,39.22,51.966
Республика Северная Осетия — Алания,702512,18240.8,37.44,39.48,37.57,104.20,16.50,146.60,11.80,101.60,75.51,9032.00,35.61,50.35,19.638
Республика Татарстан,3889768,24748.9,37,39.79,39.4,120.60,11.00,147.40,3.50,118.64,74.2,8467.00,35.51,26.06,67.531
Республика Тыва,320135,12232.6,38.34,40.09,44.52,168.40,30.90,244.00,18.30,366.28,66.29,9697.00,65.59,27.63,14.675
Республика Хакасия,537591,16437.5,36.75,38.51,41.87,116.30,18.00,139.00,4.90,214.41,70.21,9289.00,13.96,60.99,27.61
Ростовская область,4225903,21288.2,38.61,42.04,38.64,109.50,14.20,138.20,5.60,139.70,73.03,9667.00,43.07,39.49,52.554
Рязанская область,1124107,19374.2,37.3,39.97,38.8,161.70,19.80,223.60,4.10,84.69,72.7,9174.00,52.91,61.34,47.046
Самарская область,3198596,21266,37.91,40.95,39.38,116.40,11.70,152.00,4.20,137.43,71.73,9808.00,49.36,54.26,57.388
Санкт-Петербург,5316757,31937,38.16,41.35,40.65,118.60,4.90,141.00,1.70,98.72,75.45,10737.00,52.81,26.2,71.197
Саратовская область,2471105,16326,37.62,40.62,39.42,127.10,14.50,167.40,4.80,116.30,72.88,8607.00,75.88,57.22,45.857
Сахалинская область,488763,37741.9,44.33,46.92,49.08,157.70,20.70,194.90,6.00,234.93,70.19,13681.00,46.75,44.37,54.777
Свердловская область,4327299,26594.1,36.95,39.75,40.44,59.20,9.50,76.90,5.50,134.66,71.23,10094.00,42.74,59.42,58.911
Смоленская область,951273,19487.3,37.82,40.96,39.33,105.00,13.80,126.50,5.70,136.40,71.14,10037.00,56.80,35.55,34.137
Ставропольский край,2802528,17767,39.48,42.56,39.29,111.40,16.30,150.20,5.20,113.13,74.19,8543.00,46.28,47.3,43.641
Тамбовская область,1036939,20444,37.83,40.74,39.41,137.40,14.00,181.10,4.40,110.64,73.21,8509.00,51.52,48.02,39.213
Тверская область,1290336,20214.6,38.16,41.1,40.08,137.80,17.20,177.00,4.50,154.62,70.45,10000.00,46.61,49.61,41.046
Томская область,1078585,21449.3,36.62,38.75,41.3,76.90,8.90,93.70,6.30,174.10,72.02,10747.00,39.46,46.03,42.889
Тульская область,1495636,21849.6,37.33,40.3,38.97,152.70,20.50,200.90,3.90,83.70,71.18,9303.00,43.75,45.56,47.09
Тюменская область,3676215,21553.9,36.77,39.86,41.2,186.80,16.10,241.00,5.00,178.98,72.06,10471.00,53.20,37.44,59.678
Удмуртская Республика,1514935,19144.8,37.7,40.35,40.62,131.50,13.30,163.60,4.80,159.37,72.06,8750.00,55.81,47.98,46.719
Ульяновская область,1249752,18702.3,37.56,40.49,39.5,116.90,14.10,150.80,4.40,108.44,72.34,9390.00,47.46,42.46,40.476
Хабаровский край,1330798,29016.3,39.1,41.48,43.53,145.00,10.80,186.30,4.90,180.18,69.74,12954.00,47.91,58.78,45.89
Ханты-Мансийский автономный округ — Югра,1650576,37572.1,39.38,41.61,44.52,109.40,13.10,154.90,3.30,137.59,73.87,14526.00,58.46,34.58,67.676
Челябинская область,3497679,19310.4,36.25,39.46,39.56,132.50,10.60,169.30,6.60,194.77,71.53,9426.00,52.19,50.45,51.459
Чеченская Республика,1425923,17449.6,35.61,39.15,31.84,19.50,7.90,30.20,14.00,27.94,74.84,9754.00,36.60,13.21,31.424
Чувашская Республика,1233490,14877.8,37.4,40.89,39.97,111.20,13.00,142.10,5.10,103.52,72.73,8567.00,45.96,22.05,38.027
Чукотский автономный округ,49585,55579.3,52,56,53,62.80,10.10,62.80,2.90,142.91,66.1,20194.00,27.72,46.54,27.353
Ямало-Ненецкий автономный округ,537297,55175.8,38.26,39.87,42.16,92.90,8.90,113.00,3.20,154.07,73.53,16027.00,53.30,50.54,66.62
Ярославская область,1268210,21626.4,37.01,39.15,39.85,149.80,14.10,187.90,6.60,140.65,71.85,9310.00,49.07,51.13,42.174
Севастополь,132712,22691.5,40.4,42.6,41.31,124.10,10.60,149.8,4.60,366.13,73.37,10106.00,50.97,50.5,29.9
Республика Крым,1912950,16371.9,40.92,45.05,42.83,108.4,17.8,144.6,6.40,113.49,72.02,9602,41.95,53.1,49.8
Алтайский край,2341447,17948.5,40.61,42.5,44.55,123.90,10.10,158.70,6.10,164.06,71.11,9369.00,77.371,37.86,38.474
Амурская область,795809,23588.2,42.37,44.45,47.37,152.40,17.10,194.00,5.60,220.35,69.11,11190.00,75.687,37.12,35.254
Архангельская область,1149574,25622,40.74,44.24,44.24,136.30,11.10,178.70,6.30,164.95,72.09,11857.00,72.453,33.99,38.381
Астраханская область,1015790,18959.1,41.72,45.26,43.8,117.70,9.20,156.60,7.50,132.18,73.48,9538.00,66.147,43.24,36.866
Белгородская область,1548647,23668,41.32,44.53,44.49,82.50,10.00,103.30,4.00,85,73.67,8338.00,64.426,61.82,55.598
Брянская область,1205584,20914.6,41.21,44.36,45.3,104.80,14.80,125.00,3.90,118.51,71.71,9787.00,63.973,42.69,35.937
Владимирская область,1372071,19352,41.5,44.95,45.44,174.10,19.20,230.20,4.70,125.82,71.23,9591.00,60.757,45.84,41.185
Волгоградская область,2514392,18589.5,41.6,45.15,43.81,101.90,10.40,135.10,5.60,153.27,73.47,9146.00,60.113,44.8,47.18
Вологодская область,1172201,21926.3,42.25,44.7,45.91,133.70,12.20,172.20,5.10,152.41,71.43,10795.00,59.245,38.34,46.734
Воронежская область,2330795,23107.1,42.38,45.75,44.25,129.10,19.00,165.30,3.70,125.74,73.15,8578.00,58.935,58.87,53.882
Еврейская автономная область,160964,20192.9,42.34,43.84,46.07,153.50,19.90,187.00,7.00,227.57,68.6,12829.00,58.148,76.54,12.593
Забайкальский край,1069296,19099,46.36,48.32,51.97,127.70,22.90,160.10,10.20,227.64,68.99,11172.00,57.966,76.49,27.059
Ивановская область,1009413,19784.9,40.64,42.96,43.96,129.60,8.00,172.30,4.20,139.05,71.29,9960.00,56.672,25.81,29.795
Иркутская область,2400979,19508.8,42.25,44.63,46.56,141.20,14.70,176.80,7.60,187.3,69.31,10475.00,56.302,25.95,49.69
Кабардино-Балкарская Республика,866023,16792.7,42.58,46.08,43.57,70.20,18.90,83.90,10.50,76.44,76.28,10633.00,55.391,43.57,18.877
Калининградская область,998392,22208.3,43.39,46.08,46.18,119.30,11.10,139.80,4.70,137.56,72.92,10882.00,55.077,35.2,43.278
Калужская область,1010768,23489.5,39.89,42.64,42.45,152.80,18.90,199.40,3.90,167.61,71.89,10278.00,54.769,31.1,47.086
Камчатский край,315139,38625.2,48.1,49.9,52.72,160.20,15.50,218.60,4.90,189.69,70.09,19481.00,54.214,55.09,24.413
Карачаево-Черкесская Республика,465934,14788.7,42.33,45.39,43.36,112.90,17.60,168.70,12.10,87.27,76.09,9257.00,54.124,51.84,17.005
Кемеровская область,2684566,18768.1,40.26,42.89,45,103.60,11.10,141.30,6.10,197.76,69.32,9278.00,53.043,45.91,54.055
Кировская область,1277673,18402.6,41.85,45.6,46.04,137.40,13.60,175.20,5.10,159.33,72.47,9774.00,53.016,26.12,34.594
Костромская область,640296,19659.8,41.28,43.56,44.65,117.30,10.00,150.20,4.50,124.46,71.87,9775.00,52.435,40.66,26.154
Краснодарский край,5625827,26011.7,42.74,46.2,43.47,124.60,18.70,154.20,5.20,121.08,74.3,10209.00,51.249,39.11,64.066
Красноярский край,2875261,23125.1,42.06,44.72,48.29,124.70,13.50,150.30,4.90,159.64,70.71,11643.00,50.201,41.74,57.034
Курганская область,840118,16552.8,39.76,42.57,43.7,140.80,17.50,173.30,8.00,207.83,70.78,9568.00,49.898,61.97,23.948
Курская область,1111139,21679.1,41.32,44.61,44.77,144.00,18.00,182.40,4.00,109.89,71.91,9061.00,49.597,44.06,43.138
Ленинградская область,1830841,25058.3,41.85,44.94,45.61,161.90,23.90,213.20,4.10,118.4,73.07,9975.00,48.779,28.08,63.472
Липецкая область,1147118,23144.2,41.51,44.99,44.46,135.90,18.00,170.60,3.80,107.61,72.62,8687.00,48.778,53.51,51.085
Магаданская область,142663,46331.5,52.91,53.21,61.51,173.10,21.00,220.80,5.10,206.85,69.62,18213.00,48.511,53.77,24.76
Москва,12560873,50861.3,42.21,45.93,44.32,72.90,3.70,83.30,1.20,111.89,77.84,16149.00,47.973,57.41,88.049
Московская область,7551516,34342.3,41.53,45.31,44.41,78.60,12.40,96.10,2.70,106.33,73.52,11946.00,47.868,44.93,75.922
Мурманская область,750806,33644.7,42.66,45.74,47.9,117.90,8.90,162.00,6.80,160.96,71.68,14573.00,47.763,68.55,38.913
Ненецкий автономный округ,43913,57348.2,44.14,48.09,50.43,72.90,6.80,75.10,8.10,195.16,71.85,20488.00,47.573,43.47,34.842
Нижегородская область,3224687,24178.9,41,44.19,43.84,171.40,12.00,217.70,4.20,129.12,71.69,9371.00,47.465,35.74,58.715
Новгородская область,603386,20727.6,41.02,44.05,45.24,190.80,18.60,239.20,4.20,180.43,70.26,10424.00,47.308,53.77,30.095
Новосибирская область,2791116,22691.5,40.31,43.27,46.08,90.60,10.70,114.00,6.70,170.91,71.83,10772.00,47.307,41.42,49.591
Омская область,1952137,19815.7,40.31,42.73,45.3,153.50,11.70,195.10,6.80,137.94,71.96,9121.00,47.222,47.77,45.157
Оренбургская область,1970364,18339.2,40.68,44.52,44.74,113.00,13.90,144.30,4.40,133.11,71.45,8695.00,47.184,42.11,48.81
Орловская область,743356,19910.3,41.5,44.23,44.51,107.60,15.10,138.80,4.90,120.98,71.56,9513.00,46.955,44.06,29.447
Пензенская область,1324878,17818.5,40.86,43.91,43.56,144.40,16.00,193.20,4.40,96.83,73.21,8841.00,46.924,45.82,35.315
Пермский край,2616961,21824.2,41.34,44.35,45.96,131.60,11.20,168.30,5.40,161.28,70.72,10098.00,46.650,48.41,57.054
Приморский край,1907877,26906.1,42.13,43.56,46.01,150.30,16.20,189.10,5.40,172.05,70.48,12454.00,46.506,44.46,47.449
Псковская область,633098,19472.9,40.8,43.81,44.65,159.80,19.30,224.50,5.70,125.78,70.16,10586.00,46.280,42.26,26.036
Республика Адыгея,454060,20876.1,43.04,46.66,44.09,119.60,22.50,143.40,8.60,90.43,73.56,8947.00,46.260,38.73,26.991
Республика Алтай,218464,15482.1,41.71,44.35,45.59,141.00,16.50,190.90,11.20,210.65,70.59,9581.00,45.978,49.52,13.814
Республика Башкортостан,4057148,21656.5,40.52,43.59,43.9,108.60,13.60,136.00,4.90,141.55,72.06,8838.00,45.925,25.23,62.695
Республика Бурятия,983891,18924.8,40.53,42.95,45.09,121.90,13.60,166.10,9.30,238.96,70.84,10320.00,45.402,48.82,26.541
Республика Дагестан,3075006,19822.5,43.83,45.81,42.06,56.50,12.00,85.50,11.60,48.16,78.69,9262.00,45.270,30.88,33.983
Республика Ингушетия,492717,13331.9,39.61,41.64,37.49,41.80,12.20,72.50,26.60,33.59,82.41,9703.00,45.200,33.29,14.505
Республика Калмыкия,274029,14121.2,42.21,45.29,43.98,173.30,30.30,256.50,9.70,100.32,73.84,9056.00,44.469,20.61,18.162
Республика Карелия,620269,24054,41.51,45.01,46.94,124.90,12.10,164.60,8.70,192.72,70.56,12863.00,43.801,24.93,26.564
Республика Коми,835553,26538.2,41.68,44.01,46.87,127.50,12.10,173.30,7.30,200.27,71.06,12776.00,43.260,34.47,41.78
Республика Марий Эл,681356,15727.5,41,44.42,45.07,115.50,12.20,154.40,5.00,112.48,71.99,8968.00,42.166,39.13,25.662
Республика Мордовия,800280,15197.4,40.47,44.09,45.01,137.00,18.50,190.40,4.20,96.59,73.66,8417.00,41.725,37.00,30.176
Республика Саха (Якутия),965669,32227.8,51.98,52.54,54.71,103.80,12.40,133.50,6.90,123.6,72.72,16511.00,41.681,43.91,45.427
Республика Северная Осетия — Алания,700508,18595.5,42.28,44.85,43.63,131.50,15.40,185.70,10.50,102.84,75.68,9031.00,41.602,33.99,18.663
Республика Татарстан,3896456,25748,40.5,43.18,43.23,118.40,9.70,146.20,3.30,111.86,74.35,8729.00,41.521,40.25,75.069
Республика Тыва,323073,12806.8,43.75,46.32,53.48,164.00,28.50,243.90,14.80,286.44,66.47,9957.00,40.685,63.12,10.21
Республика Хакасия,536840,17513.4,41.03,43.03,46.13,104.90,12.10,131.90,5.20,203.79,71.15,9822.00,40.553,12.53,27.794
Ростовская область,4211386,22113,42.95,46.23,44.48,93.20,13.20,115.40,5.10,131.69,73.21,9675.00,40.353,39.28,59.238
Рязанская область,1117805,20327.8,41.27,44.27,44.27,163.40,19.60,216.80,4.20,83.63,72.84,9545.00,40.183,51.61,39.963
Самарская область,3188276,22102.6,40.87,44.12,43.46,126.10,10.80,166.00,3.70,130.04,72.31,9977.00,39.984,49.94,61.083
Санкт-Петербург,5367912,33994.8,41.86,45.37,46.11,120.40,4.30,143.30,1.50,95.79,75.93,10987.00,39.827,52.97,86.141
Саратовская область,2451882,17113.9,41.2,44.37,43.2,131.00,13.10,174.10,5.00,118.41,72.95,8610.00,39.548,46.09,44.794
Сахалинская область,489910,39775.7,45.83,47.63,50.81,148.00,19.20,182.10,5.30,204.04,69.92,13726.00,39.255,41.96,54.611
Свердловская область,4320477,27818.3,40.5,43.31,44.22,66.30,8.70,86.40,4.80,128.31,71.29,10462.00,39.240,54.47,67.91
Смоленская область,945856,20243.1,41.18,44.65,44.4,109.40,15.10,141.70,5.20,132.42,71.16,10201.00,39.102,45.21,30.829
Ставропольский край,2797958,18392.9,43.01,46.36,44.03,113.80,15.70,151.60,5.00,115.45,74.18,8659.00,38.954,49.85,46.233
Тамбовская область,1024759,21138.8,41.48,44.69,44.13,137.80,15.80,186.60,4.10,117.2,72.95,8654.00,38.766,45.91,35.436
Тверская область,1276754,20805.7,41.28,44.22,44.03,145.40,16.10,185.20,4.10,153.37,70.47,10161.00,37.617,38.83,37.883
Томская область,1077861,21897.5,40.33,42.38,45.91,72.50,7.20,87.90,6.30,165.71,72.84,10907.00,37.609,43.51,38.833
Тульская область,1485337,22133.5,41.5,44.78,44.85,151.80,19.20,202.80,3.90,90.43,71.77,9709.00,36.324,49.11,46.921
Тюменская область,3708185,22527.7,40.5,43.79,44.91,190.80,12.60,258.20,4.50,69.14,72.08,10649.00,35.676,55.13,64.934
Удмуртская Республика,1510216,19274.7,40.81,44.03,44.14,132.60,10.40,164.00,4.80,167.48,72.45,9026.00,34.148,44.42,42.2
Ульяновская область,1242516,18469.2,40.5,43.38,43.1,107.00,13.20,140.40,3.70,106.03,72.17,9505.00,30.526,45.99,37.403
Хабаровский край,1324887,30397.6,41.27,43.18,45.65,153.10,12.10,191.40,3.80,169.89,70.19,13295.00,29.923,45.66,39.973
Ханты-Мансийский автономный округ — Югра,1659435,38686,43.37,45.96,50.03,104.20,9.90,144.60,2.50,128.21,74.28,14428.00,28.890,57.82,78.398
Челябинская область,3484395,19789.3,39.56,42.99,44.03,122.80,11.80,158.90,5.60,186.15,71.64,9495.00,28.768,50.68,57.264
Чеченская Республика,1446966,18226.2,41.4,43.48,37.94,115.70,6.50,23.40,13.70,23.01,75.43,10285.00,28.757,33.08,26.013
Чувашская Республика,1227256,15275.1,40.85,44.06,44.69,101.90,13.20,134.60,5.00,96.35,72.95,8652.00,28.533,45.22,35.073
Чукотский автономный округ,49504,59526.4,52,56,53,64.60,4.00,66.70,3.10,151.1,63.58,21563.00,27.192,28.94,15.307
Ямало-Ненецкий автономный округ,540013,57058,42.58,44.45,48.33,92.40,8.30,115.70,2.10,142.68,74.07,15905.00,25.300,49.03,69.388
Ярославская область,1262648,21865.9,40.55,42.86,43.35,158.30,13.50,203.70,5.50,132.34,72.25,9541.00,16.195,48.4,42.467
Севастополь,439941,23121.9,45.91,48.19,48.54,121.2,8.4,149.8,4.3,92.81,73.63,10152,53.527,50.5,29.476
Республика Крым,1912775,17617.7,46.88,49.91,49.91,107.10,17.60,143.6,6.00,117.18,72.22,9704,43.803,53.1,42.184
Алтайский край,2324983,18899.2,41.3,43.2,45.54,120.30,10.80,154.20,5.00,159.39,71.61,9964.00,37.781,41.952,41.974
Амурская область,791619,25435.7,42.6,45.1,48.21,163.30,17.90,214.30,5.40,246.43,68.66,12155.00,38.752,39.507,37.365
Архангельская область,1140327,27143.8,41.75,45.26,45.99,130.20,11.30,170.10,6.10,167.93,72.3,12707.00,34.641,42.384,37.799
Астраханская область,1009924,20134.4,43.18,46.83,45.8,126.00,8.40,168.90,7.40,129.81,73.86,10345.00,42.495,35.91,39.147
Белгородская область,1548284,25079.8,42.25,45.55,45.58,85.50,10.00,107.90,3.80,91.75,74.21,9126.00,63.978,54.358,57.103
Брянская область,1196339,22396.6,41.42,44.6,45.28,95.80,11.50,116.90,4.20,120.11,72.31,10575.00,46.225,35.612,37.501
Владимирская область,1362110,20962.9,42.26,45.39,46.39,169.60,19.20,224.80,3.60,123.24,71.87,10340.00,47.983,44.298,42.701
Волгоградская область,2499272,19786.3,42.98,46.65,45.24,105.30,11.40,140.70,4.90,164.54,74.07,9686.00,46.204,46.801,47.738
Вологодская область,1164079,22972.8,43.31,45.78,48.46,130.80,11.10,169.50,3.90,152.27,71.82,11038.00,40.688,45.789,48.127
Воронежская область,2326013,24566,43.15,46.51,45.75,133.90,17.80,169.70,3.00,132.45,73.62,9232.00,61.981,53.934,55.389
Еврейская автономная область,159109,21995.3,43.25,45.21,48.2,136.40,17.60,174.70,5.50,223.43,68.08,14213.00,28.224,13.755,12.743
Забайкальский край,1062742,20647.2,43.68,46.17,50.19,121.60,22.80,152.90,9.10,221.81,68.96,12233.00,28.734,29.393,28.884
Ивановская область,1000657,20764.9,41.91,44,44.78,113.50,9.00,147.70,3.90,138.85,71.84,10253.00,43.901,29.725,30.896
Иркутская область,2394478,21083.7,41.91,43.98,47.97,137.30,15.00,174.10,5.90,191.81,69.55,11434.00,39.824,50.719,51.251
Кабардино-Балкарская Республика,867284,17782.7,42.93,46.31,44.01,74.60,14.20,90.20,9.70,86.37,76.46,11576.00,33.371,22.062,20.882
Калининградская область,1007349,23376.4,44.41,47.41,47.81,110.20,10.70,134.00,4.20,148.02,73.56,11413.00,59.247,39.856,43.443
Калужская область,1005978,25209.4,40.41,43.66,43.29,144.10,16.20,184.60,3.70,155.02,72.35,10859.00,53.369,44.141,48.836
Камчатский край,313868,41713.2,48.84,50.86,54.4,141.90,17.50,186.60,3.60,184.09,70.57,20499.00,49.65,36.521,25.325
Карачаево-Черкесская Республика,465546,15506.6,42.54,46.1,44.3,121.80,17.80,178.90,9.60,97.8,76.21,9897.00,23.687,22.106,16.763
Кемеровская область,2666055,20299.5,41.03,43.79,45.59,105.10,10.50,139.80,5.30,201.68,69.78,10066.00,42.21,46.143,52.35
Кировская область,1267255,19521,42.67,45.86,46.47,134.50,12.50,166.80,4.80,150.8,72.96,10223.00,40.261,40.844,36.301
Костромская область,635325,20954,42.16,44.21,45.22,119.30,10.90,151.70,4.30,129.96,72.35,10390.00,40.094,26.409,27.975
Краснодарский край,5661848,27148.7,43.64,47.33,44.51,129.90,16.60,167.90,4.70,126.44,73.91,10854.00,63.067,56.118,67.971
Красноярский край,2870140,24527.1,42.26,45.2,48.83,124.30,13.20,152.40,4.20,162.12,71.16,12477.00,46.707,57.42,61.554
Курганская область,830933,17345.5,40.73,43.56,44.77,132.60,19.40,168.70,7.20,205.8,71.14,10019.00,29.409,28.021,26.511
Курская область,1105524,23265,41.44,44.79,45.2,149.50,17.40,193.40,3.70,119.43,72.27,9818.00,54.319,47.375,45.176
Ленинградская область,1861869,26119.8,42.48,45.65,46.77,155.60,20.70,209.20,4.00,130.58,73.64,10801.00,60.695,59.201,64.633
Липецкая область,1141703,25075.3,42.25,45.93,45.26,142.10,15.50,179.20,3.60,106.69,73.34,9410.00,58.466,53.837,50.003
Магаданская область,140691,50658.8,53.32,53.89,59.57,196.10,20.60,260.10,4.50,205.06,69.66,19680.00,44.658,31.658,25.683
Москва,12646679,55004.2,42.35,46.54,45.7,73.50,3.50,84.70,1.30,112.35,78.36,17202.00,79.275,68.182,88.98
Московская область,7645255,36307.8,41.94,45.84,45.64,76.50,11.00,90.40,2.80,100.78,73.86,12694.00,74.5,47.095,77.595
Мурманская область,744729,36481.8,43.45,46.36,49.37,116.10,7.30,153.30,4.60,162.7,71.75,16800.00,47.12,41.759,44.358
Ненецкий автономный округ,43970,58224.4,45.55,49.38,52.71,70.50,4.50,84.20,7.40,171.48,73.19,19993.00,38.858,56.589,33.939
Нижегородская область,3208785,26031.6,42.17,45.49,45.2,175.00,10.80,225.60,4.00,134.1,72.32,10082.00,55.519,38.935,60.205
Новгородская область,598401,21446.6,42.36,45.42,46.77,178.20,13.70,225.50,3.40,182.3,70.52,10949.00,38.906,47.443,30.806
Новосибирская область,2795777,24048.4,41.28,44.44,46.87,70.90,9.80,91.40,6.00,179.58,72.25,11361.00,52.508,48.324,51.167
Омская область,1935430,21117.9,41.23,44.03,46.03,150.50,8.90,190.90,5.70,128.49,72.32,9900.00,43.038,52.902,45.883
Оренбургская область,1959921,19334.9,41.83,45.81,46.28,106.90,13.20,140.10,4.40,136.7,72.04,9291.00,48.421,33.556,49.409
Орловская область,736483,20913.4,41.52,44.62,45.11,104.90,12.80,132.90,4.70,121.65,72.56,10123.00,46.245,39.255,30.22
Пензенская область,1311833,18769.1,42.05,45.23,44.75,140.20,15.60,192.50,4.50,98.51,73.61,9337.00,47.002,57.946,35.825
Пермский край,2605030,23313.1,42.52,45.57,46.5,115.00,10.90,152.80,4.80,164.88,71.32,10463.00,44.714,48.595,59.013
Приморский край,1899293,28690.4,42.84,43.81,47.54,159.70,15.60,198.40,5.10,163.67,70.54,13142.00,45.495,26.518,47.298
Псковская область,627882,20790.9,41.99,45.34,46.59,143.30,15.30,191.90,5.30,130.69,70.65,11055.00,42.489,25.017,26.814
Республика Адыгея,458915,21995.4,44.23,48.02,44.65,110.70,19.40,137.70,8.20,102.61,73.85,9315.00,50.133,16.756,28.068
Республика Алтай,219524,16158.8,41.21,43.55,45.8,148.50,19.10,208.70,10.00,194.42,70.29,10122.00,29.456,59.352,13.71
Республика Башкортостан,4044578,22996.7,41.74,44.7,45.39,106.00,11.60,134.70,4.20,136.84,72.64,9517.00,50.405,35.095,60.505
Республика Бурятия,984604,20083.5,41.42,43.7,47.16,113.40,13.40,151.80,8.80,224.77,70.76,11377.00,31.624,35.115,27.889
Республика Дагестан,3098492,21054.1,42.84,44.96,43.25,51.50,11.30,72.50,11.70,43.98,79.1,9780.00,39.347,14.685,34.731
Республика Ингушетия,502226,13838.2,40.15,42.4,38.47,36.30,11.60,60.60,26.20,35.84,83.41,10173.00,29.764,17.743,16.279
Республика Калмыкия,271891,15359.9,42.77,46.3,45.42,164.40,29.40,246.10,9.40,102.87,74.84,9888.00,31.498,28.476,17.361
Республика Карелия,616059,25476.1,42.09,45.3,48.02,116.50,13.10,151.10,7.00,200.21,71.46,13648.00,37.132,50.347,28.983
Республика Коми,825353,27767.9,43.23,45.63,48.54,118.90,8.00,166.30,6.00,205.79,71.3,13707.00,38.214,39.259,42.472
Республика Марий Эл,679899,16719.9,41.49,44.4,45.21,129.30,13.40,177.60,4.40,114.05,72.9,9583.00,40.097,30.949,28.9
Республика Мордовия,792850,16192.1,41.46,45.36,46.08,125.20,17.40,172.30,3.80,101.66,73.95,9104.00,44.511,30.984,31.595
Республика Саха (Якутия),969502,34313.8,54.71,54.89,59.82,82.60,8.70,108.50,6.20,127.77,73,17181.00,37.992,53.103,45.835
Республика Северная Осетия — Алания,698044,19614.9,42.7,45.44,44.27,122.00,12.50,177.60,12.60,136.14,75.75,9485.00,32.37,20.641,18.794
Республика Татарстан,3900758,27288.7,41.65,44.4,44.4,116.00,9.50,144.10,3.20,127.77,75.03,9213.00,66.806,66.923,76.544
Республика Тыва,325902,13643.4,43.15,45.15,51.16,151.60,31.90,232.30,10.70,264.68,67.57,10556.00,17.533,12.295,13.174
Республика Хакасия,535215,18758.6,41.33,43.21,46.79,98.50,10.10,122.80,5.90,198.8,71.05,10910.00,42.108,27.753,26.279
Ростовская область,4200071,23419.2,43.36,46.9,44.96,73.00,10.50,92.00,4.80,145.03,73.7,10337.00,54.415,51.962,59.038
Рязанская область,1111492,21490.9,41.71,44.63,45.05,164.50,21.50,225.50,3.60,92.22,73.2,10018.00,50.339,44.001,40.472
Самарская область,3181285,23089.4,41.34,44.65,45.47,117.90,9.30,154.60,3.90,134.03,72.77,10492.00,55.368,57.933,62.332
Санкт-Петербург,5390977,35581.2,42.74,46.22,46.66,123.10,4.20,146.30,1.40,90.2,76.31,11448.00,77.308,43.376,85.549
Саратовская область,2431355,18187.1,41.96,45.25,44.56,129.90,12.10,175.60,4.20,120.57,73.07,9223.00,45.15,62.917,45.208
Сахалинская область,488947,43604.2,46.07,48.43,53.27,128.20,16.40,168.30,5.10,193.78,70.28,14781.00,47.873,59.486,57.064
Свердловская область,4313190,29509.9,41.72,44.58,45.69,71.20,9.30,91.60,4.00,133.91,71.81,10735.00,57.141,33.757,69.278
Смоленская область,938625,21478.4,42.03,45.44,45.25,110.10,13.50,135.70,4.90,148.71,71.89,10833.00,55.355,43.072,31.286
Ставропольский край,2799408,19295.3,44,47.41,45.25,106.30,14.10,143.50,4.80,124.11,74.66,9235.00,47.399,43.765,47.418
Тамбовская область,1011357,22403.5,42.29,45.21,44.18,131.40,15.30,172.70,3.90,125.16,73.56,9682.00,52.172,39.309,35.875
Тверская область,1265007,22437.7,42.56,45.62,46.42,157.90,14.10,199.00,3.50,163.89,71.24,10725.00,46.169,48.132,39.462
Томская область,1078355,22824.9,40.45,42.85,47.39,68.70,9.80,82.70,5.30,163.77,72.85,11465.00,41.21,52.025,38.391
Тульская область,1472472,23394.4,42.37,45.66,45.53,147.50,18.90,195.50,3.60,88.6,72.21,10531.00,45.501,61.367,48.813
Тюменская область,3740252,23735.8,41.59,45.2,47.31,188.50,11.70,252.10,3.90,71.25,72.75,11216.00,54.51,44.867,64.386
Удмуртская Республика,1504172,20408.7,42.12,45.41,45.94,139.30,12.10,179.40,3.70,179.9,72.8,9732.00,57.022,38.963,43.44
Ульяновская область,1234120,19251,41.31,44.24,44.96,103.60,14.20,136.90,3.70,102.61,72.95,10013.00,46.334,46.956,38.476
Хабаровский край,1318557,32407,42.53,44.44,47.74,149.90,11.30,183.10,3.50,181.56,70.05,14328.00,49.807,72.871,41.622
Ханты-Мансийский автономный округ — Югра,1669236,40568.8,43.31,45.87,51.36,101.20,9.80,139.30,2.90,124,75.04,15054.00,49.225,54.436,77.763
Челябинская область,3471061,20810.1,40.22,43.84,45.54,123.20,11.50,161.30,5.10,191.78,72.08,10150.00,58.813,27.963,57.609
Чеченская Республика,1467838,19080.9,41.03,43.72,40.16,77.70,8.50,25.40,13.40,25.75,75.9,10910.00,52.118,39.741,28.373
Чувашская Республика,1220605,16659.9,41.83,44.98,45.63,101.30,10.80,134.00,4.40,101.83,73.44,9324.00,37.789,29.92,36.985
Чукотский автономный округ,49975,62682.5,56,59,58,71.90,2.00,33.90,4.00,155.08,68.09,22213.00,45.971,64.581,17.414
Ямало-Ненецкий автономный округ,542961,59578.7,42.46,44.46,49.59,83.50,6.40,102.30,2.10,138.72,74.18,16318.00,38.475,46.376,69.361
Ярославская область,1256501,23183.9,41.27,43.79,44.55,166.70,13.30,215.60,4.30,140.94,72.92,10183.00,58.181,82.114,42.734
Севастополь,443210,26600,50.09,49.8,,177,23,,4.60,95.62,73,9597,55.355,51.2,29.87
Республика Крым,1911820,24800,49.99,56.59,,145,101,,5.6,109.73,72,10748,45.46,56.5,42.89
Алтайский край,2296773,21700,40.93,43.16,47.81,207,111,65,5.5,169.9254,71.61,10050.00,20.51990994,46.34,41.37
Амурская область,781850,37500,45.28,47.95,51.74,295,145,71,5.2,235.6206,68.66,12235.00,11.90102898,39.96,44.35
Архангельская область,1128099,36400,43.60,47.24,50.23,222,114,54,6.1,169.0809,72.3,14107.00,20.53067501,34.61,40.57
Астраханская область,997685,24800,44.31,48.46,47.67,222,108,58,7.3,140.9162,73.86,10437.00,22.60171719,42.77,46.82
Белгородская область,1543087,26300,44.18,47.44,47.71,144,73,84,3.9,92.93708,74.21,9236.00,36.29255845,64.00,54.69
Брянская область,1183228,22200,43.17,46.60,46.48,216,73,121,3.4,128.2762,72.31,10615.00,25.70502487,43.64,40.29
Владимирская область,1343194,25800,43.53,46.92,47.81,315,161,72,4.3,129.3261,71.87,10485.00,25.06566891,47.34,45.56
Волгоградская область,2476100,25300,43.99,48.36,47.87,145,104,88,5.6,156.2417,74.07,9566.00,20.54650159,45.97,38.89
Вологодская область,1151751,30400,44.23,46.86,50.52,201,112,65,4.5,150.3276,71.82,11091.00,23.52480647,40.22,51.46
Воронежская область,2307100,26100,44.14,48.31,46.58,216,129,96,4.1,127.9962,73.63,9390.00,24.89452387,61.21,46.09
Еврейская автономная область,156492,32700,45.91,47.98,52.44,298,130,87,6.3,235.9865,68.08,15344.38,11.9669649,27.17,46.5
Забайкальский край,1054071,31100,46.68,49.61,54.01,232,120,110,9.2,215.384,68.88,12473.32,15.23444139,25.91,45.78
Ивановская область,987694,21400,42.55,44.59,46.04,215,111,47,3.5,139.2334,71.84,10345.00,23.56758691,44.30,35.53
Иркутская область,2375640,35600,43.17,45.69,51.32,265,119,75,7,177.5269,69.55,11567.00,17.38612412,36.17,62.48
Кабардино-Балкарская Республика,870197,19000,43.82,47.90,44.41,149,76,146,11.2,85.30252,76.46,12431.00,33.58537244,33.69,37.95
Калининградская область,1019601,29200,45.91,48.98,49.68,154,90,73,4.1,133.1207,73.56,11392.00,23.45258194,57.00,45.72
Калужская область,1000604,31000,41.26,44.98,45.13,238,124,91,3.9,171.9861,72.35,11117.00,18.938638,52.83,51.18
Камчатский край,311985,56700,52.76,54.62,58.73,180,157,71,4,188.5988,70.57,20652.00,18.01611134,46.41,27.9
Карачаево-Черкесская Республика,465592,19100,44.15,48.11,45.49,284,119,110,11.4,100.238,76.21,9936.00,29.90698869,25.03,42.38
Кемеровская область,2634376,31100,40.90,44.32,47.61,191,102,85,5,196.3653,69.78,10339.00,17.38265414,41.83,52.54
Кировская область,1251182,23300,43.73,47.09,48.90,280,130,54,4.4,151.225,72.96,10330.00,23.59874762,40.14,39.11
Костромская область,628972,24100,42.87,45.54,47.88,225,109,44,3.9,144.9031,72.35,10624.00,24.50699396,41.32,43.16
Краснодарский край,5689538,27900,44.28,48.47,45.95,229,115,86,4.8,129.2179,73.91,10989.00,24.20956377,62.89,45.64
Красноярский край,2857567,35900,42.58,46.31,50.18,236,112,72,4.2,168.507,71.16,12689.00,18.83050635,46.15,51.77
Курганская область,819299,22700,40.96,44.45,47.75,208,120,94,8.7,191.0902,71.14,10222.00,17.83760423,28.78,44.11
Курская область,1098361,24100,43.05,46.82,46.59,268,131,75,4,126.5795,72.27,10018.00,26.40798711,54.40,48.34
Ленинградская область,1894038,38100,43.59,46.95,48.94,283,155,95,3.6,144.807,73.64,11028.00,21.79033835,56.61,64.78
Липецкая область,1128181,26500,43.74,47.43,47.23,209,124,88,3.7,117.3039,73.34,9399.00,28.49517579,59.50,49.39
Магаданская область,138991,65200,56.36,57.59,61.30,211,151,71,4.6,190.5879,69.66,19740.00,15.32763564,45.26,36.48
Москва,12636312,66100,43.35,48.01,48.01,127,52,39,1.5,0,78.36,17679.00,25.0848389,76.92,97.85
Московская область,7713326,41900,42.48,46.83,47.07,112,62,111,2.6,95.86137,73.86,13115.00,31.81842033,70.55,72.03
Мурманская область,733158,44100,45.88,48.87,53.52,217,108,62,6.1,166.7853,71.75,16886.00,20.07277207,45.52,54.08
Ненецкий автономный округ,44404,66800,47.12,51.30,54.06,176,66,138,8,164.85,73.19,19599.00,21.03458077,37.74,63.3
Нижегородская область,3177816,29400,43.50,46.85,46.95,257,148,61,4.1,133.2267,72.32,10168.00,24.01469077,55.50,49.36
Новгородская область,593232,26600,43.16,46.20,48.65,296,171,56,4.6,190.7854,70.52,10447.00,16.20188447,41.77,43.97
Новосибирская область,2786412,30300,41.36,44.60,50.40,151,78,88,5.5,193.8443,72.25,11475.00,17.32875613,49.11,52.77
Омская область,1904294,26100,41.79,45.16,49.36,305,133,56,6.9,128.6198,72.32,10100.00,26.48641807,42.53,42.5
Оренбургская область,1945307,25800,43.14,46.50,48.81,139,93,95,4.4,141.2785,72.04,9585.00,23.82028017,45.86,44.31
Орловская область,725725,22300,43.75,47.33,46.71,181,113,96,5.7,117.8821,72.56,10215.00,27.64771991,45.49,40.78
Пензенская область,1292211,24500,43.37,46.57,47.67,251,135,80,4,104.6269,73.61,9179.00,34.73218653,49.10,40.97
Пермский край,2580639,29600,43.84,47.03,50.41,159,95,69,5.3,153.8146,71.32,10556.00,21.92817327,45.26,44.64
Приморский край,1879486,36800,45.83,47.96,51.77,203,142,66,5.1,172.047,70.54,13276.00,17.50687892,44.19,40.89
Псковская область,621028,22500,43.16,46.26,48.93,213,147,120,5.4,145.4202,70.65,11184.00,21.9778462,39.74,40.73
Республика Адыгея,463091,22700,44.97,49.15,45.69,141,98,112,8.2,89.03218,73.85,9368.00,30.57513535,48.35,46.72
Республика Алтай,221050,24700,41.03,43.49,48.75,323,154,109,12.9,215.3811,70.29,10190.00,16.29321147,25.16,42
Республика Башкортостан,4016481,27800,42.85,45.86,47.82,166,94,88,4.7,139.1342,72.64,9992.00,24.62648379,50.53,43.41
Республика Бурятия,986132,29200,44.00,46.48,51.00,208,108,72,9.4,209.2925,70.77,11631.00,15.06672167,31.54,45.87
Республика Дагестан,3132268,19100,44.56,47.17,44.35,133,54,136,13.5,45.15259,79.1,10043.00,63.1123917,35.15,35.67
Республика Ингушетия,515970,19600,43.18,45.77,46.07,121,58,163,26.3,36.99828,83.4,9884.00,66.49954891,19.53,48.51
Республика Калмыкия,270139,21300,43.77,47.92,46.91,259,184,120,8.6,106.1305,74.84,9919.00,32.216935,27.21,54.03
Республика Карелия,609439,32800,44.31,47.32,50.69,157,102,82,7.4,220.6784,71.46,13795.00,15.5922581,35.95,41.91
Республика Коми,813859,39500,44.46,46.73,49.81,260,138,66,7.8,211.388,71.3,13791.00,16.00383451,38.90,49.9
Республика Марий Эл,1903707,24800,45.58,50.73,48.61,264,92,107,5.7,39.90635,72.71,10509.00,29.08954357,41.95,52.74
Республика Мордовия,676184,22100,42.40,46.29,46.84,240,108,68,4.1,122.1265,72.9,9708.00,29.33044157,39.58,35.78
Республика Саха (Якутия),779573,22000,42.78,46.52,47.32,235,129,88,4.7,155.8032,73.95,9181.00,31.56805021,44.77,40.87
Республика Северная Осетия — Алания,984703,54100,54.60,55.14,59.75,180,81,86,7.4,82.00442,73,18161.00,27.92612234,35.61,32.75
Республика Татарстан,693449,20200,42.58,45.92,47.23,184,112,87,13.6,776.6397,75.75,9414.00,25.5442222,35.51,45.41
Республика Тыва,3894507,29500,42.48,44.65,50.97,220,98,60,3.2,21.94373,75.03,9295.00,24.51811863,65.59,56.94
Республика Хакасия,330327,27600,41.94,44.78,49.43,632,202,117,11.8,328.1294,67.57,10778.00,11.25628706,13.96,41.89
Ростовская область,532266,28500,43.66,46.55,44.85,156,101,93,8,1160.191,71.05,11139.00,16.48852266,43.07,43.94
Рязанская область,4185233,26000,44.15,48.66,46.47,102,57,128,4.6,23.94849,73.69,10351.00,21.41112703,52.91,44.03
Самарская область,1098998,26900,42.65,46.03,46.65,223,153,78,4.4,403.3856,73.2,10123.00,32.87853767,49.36,45.52
Санкт-Петербург,3155390,28600,42.39,46.53,47.94,203,104,66,3.7,194.2993,72.77,10659.00,22.99729606,52.81,48.71
Саратовская область,5388759,49300,43.80,47.39,49.32,191,85,35,1.5,56.71621,76.31,11465.30,27.76680304,75.88,93.43
Сахалинская область,2396961,22600,43.18,46.49,47.36,222,127,75,4.2,37.49748,73.07,9339.00,26.1859924,46.75,43.54
Свердловская область,485627,57100,51.78,54.87,57.71,211,118,85,5.1,1122.055,70.28,15065.00,16.21783997,42.74,106.29
Смоленская область,4291886,31400,42.65,45.78,49.06,98,66,93,4,34.40679,71.81,10811.00,25.7678074,56.80,58.12
Ставропольский край,513149,24100,45.53,50.74,48.93,281,122,29,3.6,677.0743,73.53,11538.00,11.60393017,46.28,55.05
Тамбовская область,921620,23400,43.62,46.91,46.41,240,99,104,4.9,143.8011,71.89,10810.00,7.668663671,51.52,39.01
Тверская область,2794625,22200,44.78,49.24,47.38,202,96,87,4.6,435.554,74.66,9250.00,68.54106884,46.61,39.67
Томская область,995761,25700,43.75,47.48,47.43,216,124,86,3.8,174.6604,73.56,9879.00,15.36620783,39.46,39.09
Тульская область,1246759,34300,43.52,46.51,48.48,234,145,79,4.1,104.4949,71.24,10676.68,24.21267381,43.75,40.31
Тюменская область,1070544,28900,41.09,43.73,50.72,111,55,117,4.8,231.2563,72.85,11656.00,27.7041561,53.20,41.2
Удмуртская Республика,1450675,37400,43.46,47.55,47.37,201,131,90,3.9,193.5306,72.21,10621.00,19.99662283,55.81,51.12
Ульяновская область,3778024,26300,42.18,46.50,48.93,284,175,54,4,33.67898,72.75,11447.00,48.59382356,47.46,79.78
Хабаровский край,1493700,23700,43.41,46.65,49.03,267,129,59,4.1,151.9381,72.8,9830.00,40.13272791,47.91,49.02
Ханты-Мансийский автономный округ — Югра,1219240,40500,42.49,45.72,47.46,194,98,75,4.1,172.0498,72.96,10159.00,17.13426459,58.46,45.92
Челябинская область,1302918,58000,45.41,47.46,51.76,255,128,73,3.5,486.3391,70.05,14417.00,20.1241505,52.19,45.21
Чеченская Республика,1688378,28400,44.18,46.98,52.22,122,86,75,2.3,18.59181,75.04,15376.00,8.849961736,36.60,80.05
Чувашская Республика,3444025,21300,40.36,44.13,47.73,208,110,65,4.9,37.8859,72.08,10276.00,311.1414762,45.96,49.7
Чукотский автономный округ,1500490,22100,42.83,45.48,42.67,44,18,264,13.5,5.238289,75.88,10998.00,36.89245673,27.72,61.83
Ямало-Ненецкий автономный округ,1208806,78200,42.95,46.22,47.13,250,98,73,4.5,63.12014,73.44,9285.00,522.3880726,53.30,40.01
Ярославская область,49300,75500,60.00,63.00,62.00,147,36,222,4.6,3263.286,68.09,21997.00,2.212250393,49.07,17.5
Севастополь,513149,12600,45.53,50.74,48.93,281,122,,3.6,118.95,73.53,11538.00,54.25,51.2,46.5
Республика Крым,1903707,15600,45.58,50.73,48.61,264,107,,7.7,113.89,72.71,10509.00,46.084,56.5,42.30
